Handle,Title,Body (HTML),Vendor,Product Category,Type,Tags,Published,Option1 Name,Option1 Value,Option2 Name,Option2 Value,Option3 Name,Option3 Value,Variant SKU,Variant Grams,Variant Inventory Tracker,Variant Inventory Qty,Variant Inventory Policy,Variant Fulfillment Service,Variant Price,Variant Compare At Price,Variant Requires Shipping,Variant Taxable,Variant Barcode,Image Src,Image Position,Variant Image,Variant Weight Unit,Status
"conjunto-afrodite","Roupas de Cama Afrodite  / 3 Peças em Algodão Super Soft","<h2><em><strong>RENOVE A APARÊNCIA DE SEU QUARTO COM O CONJUNTO AFRODITE DE COLCHA E FRONHAS!</strong></em></h2>
<p>Este lindo conjunto de fronhas e colcha são <strong>refinados, respiráveis e muito confortáveis.</strong> Feitos com tecido de<strong> alta qualidade e maciez incomparável</strong> para te trazer muitos benefícios na hora de deitar em sua cama. Os bordados dourados nas laterais chamam a atenção, proporcionando muito <strong>luxo e exclusividade.</strong></p>
<p><img alt="""" src=""https://cdn.shopify.com/s/files/1/0520/1140/1370/files/afrodite-gif1_480x480.gif?v=1656703946"" width=""388"" height=""388""></p>
<h3><em><strong>DIFERENCIAIS DO CONJUNTO AFRODITE </strong></em></h3>
<p>✔<strong> Alta qualidade de artesanato e design -</strong> os conjuntos Afrodite são produzidos por profissionais renomados, com bordados elegantes e acabamento perfeito! Com certeza seu quarto irá ficar muito mais lindo e requintado com esta colcha e fronhas!</p>
<p><img src=""https://cdn.shopify.com/s/files/1/0520/1140/1370/products/S3e5dc8fb42b34026a46f6fc798cfe87bg_480x480.jpg?v=1656702257"" alt=""""></p>
<p><strong>✔ Colcha que não escapa e não embaraça</strong>- Design profundo, com renda ao redor de toda a parte inferior e elástico por baixo, o que evita que os cantos apareçam, mesmo se você se virar durante a noite toda. </p>
<p><img alt="""" src=""https://cdn.shopify.com/s/files/1/0520/1140/1370/products/S6a261b49c8dd4893aa546bab7010bc1c0_480x480.jpg?v=1656704601""></p>
<p><strong>✔ Tecido Premium em Algodão -</strong> respirável, resistente a rugas, muito macio e confortável para a experiência definitiva de dormir e decorar o quarto em grande estilo. O tecido muito super soft feito em algodão não agride a pele e ainda é muito macio e sensível ao toque. </p>
<p><img alt="""" src=""https://cdn.shopify.com/s/files/1/0520/1140/1370/files/Hd8c47366ad88405bbd92603b0194c8a3s_480x480.png?v=1656704714""></p>
<p><strong>Conteúdo do Pacote: </strong></p>
<ul>
<li>Colcha + Duas Fronhas;</li>
</ul>
<p><strong>Tamanhos e Dimensões da Colcha:</strong></p>
<ul>
<li>King: 200x220 cm;</li>
<li>Queen: 180x200 cm;</li>
<li>Casal: 150x200 cm; </li>
<li>Viúva: 120x200cm;</li>
</ul>
<p><strong>Mais Detalhes: </strong></p>
<ul>
<li>Saias Laterais com design e acabamento perfeito!</li>
<li>Fronhas trabalhadas minunciosamente!  </li>
<li>Elástico que se agarra firmemente à sua cama! </li>
</ul>
<div style=""text-align: start;"">
<img src=""https://cdn.shopify.com/s/files/1/0520/1140/1370/files/He8707f5c9b4847de91bfbc8d28a2bea86_1_1024x1024.webp?v=1656705159"" alt="""" style=""float: none;""> </div>
<div>
<div data-mce-fragment=""1""><br></div>
<div data-mce-fragment=""1""><br></div>
</div>
<p><br></p>
<p><br></p>","ModernLar","","","","true","Clique Abaixo Para Selecionar a Cor Desejada","Cinza","Clique Abaixo Para Selecionar o Tamanho Desejado","Viúva (120x200cm)","","","14:10#grey;5:594#120x200cm 3pcs set","0","","","deny","manual","299.40","","TRUE","TRUE","","https://cdn.shopify.com/s/files/1/0630/7040/4667/files/Sd9ffa45715d0413e850cbf2f2cfbbdb79.jpg?v=1762747754","1","https://cdn.shopify.com/s/files/1/0630/7040/4667/files/Sd9ffa45715d0413e850cbf2f2cfbbdb79.jpg?v=1762747754","","active"
"conjunto-afrodite","","","","","","","","","Verde Claro","","Viúva (120x200cm)","","","14:29#green1;5:594#120x200cm 3pcs set","0","","","deny","manual","299.40","","TRUE","TRUE","","https://cdn.shopify.com/s/files/1/0630/7040/4667/files/S7f9a7579809a4bbf8fd05ce01dfe27c0F.jpg?v=1762747754","2","https://cdn.shopify.com/s/files/1/0630/7040/4667/files/S7f9a7579809a4bbf8fd05ce01dfe27c0F.jpg?v=1762747754","",""
"conjunto-afrodite","","","","","","","","","Salmão","","Viúva (120x200cm)","","","14:175#duster pink;5:594#120x200cm 3pcs set","0","","","deny","manual","299.40","","TRUE","TRUE","","https://cdn.shopify.com/s/files/1/0630/7040/4667/files/S59c2b05d039745d287097e322794cb15r.jpg?v=1762747753","3","https://cdn.shopify.com/s/files/1/0630/7040/4667/files/S59c2b05d039745d287097e322794cb15r.jpg?v=1762747753","",""
"conjunto-afrodite","","","","","","","","","Verde Escuro","","Viúva (120x200cm)","","","14:193#green3;5:594#120x200cm 3pcs set","0","","","deny","manual","299.40","","TRUE","TRUE","","https://cdn.shopify.com/s/files/1/0630/7040/4667/files/Se7e375b0a7aa497cb427ccbb8b3cfb37a.jpg?v=1762747754","4","https://cdn.shopify.com/s/files/1/0630/7040/4667/files/Se7e375b0a7aa497cb427ccbb8b3cfb37a.jpg?v=1762747754","",""
"conjunto-afrodite","","","","","","","","","Azul Piscina","","Viúva (120x200cm)","","","14:366#Lake Blue;5:594#120x200cm 3pcs set","0","","","deny","manual","299.40","","TRUE","TRUE","","https://cdn.shopify.com/s/files/1/0630/7040/4667/files/S3e5dc8fb42b34026a46f6fc798cfe87bg.jpg?v=1762747754","5","https://cdn.shopify.com/s/files/1/0630/7040/4667/files/S3e5dc8fb42b34026a46f6fc798cfe87bg.jpg?v=1762747754","",""
"conjunto-afrodite","","","","","","","","","Rosa","","Viúva (120x200cm)","","","14:496#pink;5:594#120x200cm 3pcs set","0","","","deny","manual","299.40","","TRUE","TRUE","","https://cdn.shopify.com/s/files/1/0630/7040/4667/files/S1d2cac5592c24e02bc51d5a43cc28ac9n.jpg?v=1762747754","6","https://cdn.shopify.com/s/files/1/0630/7040/4667/files/S1d2cac5592c24e02bc51d5a43cc28ac9n.jpg?v=1762747754","",""
"conjunto-afrodite","","","","","","","","","Amarelo Floral","","Viúva (120x200cm)","","","14:1052#camel;5:594#120x200cm 3pcs set","0","","","deny","manual","299.40","","TRUE","TRUE","","https://cdn.shopify.com/s/files/1/0630/7040/4667/files/Sfc160c25553e490ea77bdbfc94c656f9d.jpg?v=1762747754","7","https://cdn.shopify.com/s/files/1/0630/7040/4667/files/Sfc160c25553e490ea77bdbfc94c656f9d.jpg?v=1762747754","",""
"conjunto-afrodite","","","","","","","","","Azul Floral","","Viúva (120x200cm)","","","14:350852#blue daisy;5:594#120x200cm 3pcs set","0","","","deny","manual","299.40","","TRUE","TRUE","","https://cdn.shopify.com/s/files/1/0630/7040/4667/files/S6a261b49c8dd4893aa546bab7010bc1c0.jpg?v=1762747754","8","https://cdn.shopify.com/s/files/1/0630/7040/4667/files/S6a261b49c8dd4893aa546bab7010bc1c0.jpg?v=1762747754","",""
"conjunto-afrodite","","","","","","","","","Roxo Floral","","Viúva (120x200cm)","","","14:365458#purple flower;5:594#120x200cm 3pcs set","0","","","deny","manual","299.40","","TRUE","TRUE","","https://cdn.shopify.com/s/files/1/0630/7040/4667/files/S36fb757cf9564e7cb3dcecc673beefa6X.jpg?v=1762747754","9","https://cdn.shopify.com/s/files/1/0630/7040/4667/files/S36fb757cf9564e7cb3dcecc673beefa6X.jpg?v=1762747754","",""
"conjunto-afrodite","","","","","","","","","Cinza","","Casal (150x200cm)","","","14:10#grey;5:595#150x200cm 3pcs set","0","","","deny","manual","319.40","","TRUE","TRUE","","https://cdn.shopify.com/s/files/1/0630/7040/4667/files/Sd76a9c4985034bcea938fadc9f8d9694C.jpg?v=1762747754","10","https://cdn.shopify.com/s/files/1/0630/7040/4667/files/Sd9ffa45715d0413e850cbf2f2cfbbdb79.jpg?v=1762747754","",""
"conjunto-afrodite","","","","","","","","","Verde Claro","","Casal (150x200cm)","","","14:29#green1;5:595#150x200cm 3pcs set","0","","","deny","manual","319.40","","TRUE","TRUE","","","","https://cdn.shopify.com/s/files/1/0630/7040/4667/files/S7f9a7579809a4bbf8fd05ce01dfe27c0F.jpg?v=1762747754","",""
"conjunto-afrodite","","","","","","","","","Salmão","","Casal (150x200cm)","","","14:175#duster pink;5:595#150x200cm 3pcs set","0","","","deny","manual","319.40","","TRUE","TRUE","","","","https://cdn.shopify.com/s/files/1/0630/7040/4667/files/S59c2b05d039745d287097e322794cb15r.jpg?v=1762747753","",""
"conjunto-afrodite","","","","","","","","","Verde Escuro","","Casal (150x200cm)","","","14:193#green3;5:595#150x200cm 3pcs set","0","","","deny","manual","319.40","","TRUE","TRUE","","","","https://cdn.shopify.com/s/files/1/0630/7040/4667/files/Se7e375b0a7aa497cb427ccbb8b3cfb37a.jpg?v=1762747754","",""
"conjunto-afrodite","","","","","","","","","Azul Piscina","","Casal (150x200cm)","","","14:366#Lake Blue;5:595#150x200cm 3pcs set","0","","","deny","manual","319.40","","TRUE","TRUE","","","","https://cdn.shopify.com/s/files/1/0630/7040/4667/files/S3e5dc8fb42b34026a46f6fc798cfe87bg.jpg?v=1762747754","",""
"conjunto-afrodite","","","","","","","","","Rosa","","Casal (150x200cm)","","","14:496#pink;5:595#150x200cm 3pcs set","0","","","deny","manual","319.40","","TRUE","TRUE","","","","https://cdn.shopify.com/s/files/1/0630/7040/4667/files/S1d2cac5592c24e02bc51d5a43cc28ac9n.jpg?v=1762747754","",""
"conjunto-afrodite","","","","","","","","","Amarelo Floral","","Casal (150x200cm)","","","14:1052#camel;5:595#150x200cm 3pcs set","0","","","deny","manual","319.40","","TRUE","TRUE","","","","https://cdn.shopify.com/s/files/1/0630/7040/4667/files/Sfc160c25553e490ea77bdbfc94c656f9d.jpg?v=1762747754","",""
"conjunto-afrodite","","","","","","","","","Azul Floral","","Casal (150x200cm)","","","14:350852#blue daisy;5:595#150x200cm 3pcs set","0","","","deny","manual","319.40","","TRUE","TRUE","","","","https://cdn.shopify.com/s/files/1/0630/7040/4667/files/S6a261b49c8dd4893aa546bab7010bc1c0.jpg?v=1762747754","",""
"conjunto-afrodite","","","","","","","","","Roxo Floral","","Casal (150x200cm)","","","14:365458#purple flower;5:595#150x200cm 3pcs set","0","","","deny","manual","319.40","","TRUE","TRUE","","","","https://cdn.shopify.com/s/files/1/0630/7040/4667/files/S36fb757cf9564e7cb3dcecc673beefa6X.jpg?v=1762747754","",""
"conjunto-afrodite","","","","","","","","","Cinza","","Queen (180x200cm)","","","14:10#grey;5:596#180x200cm 3pcs set","0","","","deny","manual","339.40","","TRUE","TRUE","","","","https://cdn.shopify.com/s/files/1/0630/7040/4667/files/Sd9ffa45715d0413e850cbf2f2cfbbdb79.jpg?v=1762747754","",""
"conjunto-afrodite","","","","","","","","","Verde Claro","","Queen (180x200cm)","","","14:29#green1;5:596#180x200cm 3pcs set","0","","","deny","manual","339.40","","TRUE","TRUE","","","","https://cdn.shopify.com/s/files/1/0630/7040/4667/files/S7f9a7579809a4bbf8fd05ce01dfe27c0F.jpg?v=1762747754","",""
"conjunto-afrodite","","","","","","","","","Salmão","","Queen (180x200cm)","","","14:175#duster pink;5:596#180x200cm 3pcs set","0","","","deny","manual","339.40","","TRUE","TRUE","","","","https://cdn.shopify.com/s/files/1/0630/7040/4667/files/S59c2b05d039745d287097e322794cb15r.jpg?v=1762747753","",""
"conjunto-afrodite","","","","","","","","","Verde Escuro","","Queen (180x200cm)","","","14:193#green3;5:596#180x200cm 3pcs set","0","","","deny","manual","339.40","","TRUE","TRUE","","","","https://cdn.shopify.com/s/files/1/0630/7040/4667/files/Se7e375b0a7aa497cb427ccbb8b3cfb37a.jpg?v=1762747754","",""
"conjunto-afrodite","","","","","","","","","Azul Piscina","","Queen (180x200cm)","","","14:366#Lake Blue;5:596#180x200cm 3pcs set","0","","","deny","manual","339.40","","TRUE","TRUE","","","","https://cdn.shopify.com/s/files/1/0630/7040/4667/files/S3e5dc8fb42b34026a46f6fc798cfe87bg.jpg?v=1762747754","",""
"conjunto-afrodite","","","","","","","","","Rosa","","Queen (180x200cm)","","","14:496#pink;5:596#180x200cm 3pcs set","0","","","deny","manual","339.40","","TRUE","TRUE","","","","https://cdn.shopify.com/s/files/1/0630/7040/4667/files/S1d2cac5592c24e02bc51d5a43cc28ac9n.jpg?v=1762747754","",""
"conjunto-afrodite","","","","","","","","","Amarelo Floral","","Queen (180x200cm)","","","14:1052#camel;5:596#180x200cm 3pcs set","0","","","deny","manual","339.40","","TRUE","TRUE","","","","https://cdn.shopify.com/s/files/1/0630/7040/4667/files/Sfc160c25553e490ea77bdbfc94c656f9d.jpg?v=1762747754","",""
"conjunto-afrodite","","","","","","","","","Azul Floral","","Queen (180x200cm)","","","14:350852#blue daisy;5:596#180x200cm 3pcs set","0","","","deny","manual","339.40","","TRUE","TRUE","","","","https://cdn.shopify.com/s/files/1/0630/7040/4667/files/S6a261b49c8dd4893aa546bab7010bc1c0.jpg?v=1762747754","",""
"conjunto-afrodite","","","","","","","","","Roxo Floral","","Queen (180x200cm)","","","14:365458#purple flower;5:596#180x200cm 3pcs set","0","","","deny","manual","339.40","","TRUE","TRUE","","","","https://cdn.shopify.com/s/files/1/0630/7040/4667/files/S36fb757cf9564e7cb3dcecc673beefa6X.jpg?v=1762747754","",""
"conjunto-afrodite","","","","","","","","","Cinza","","King (200x220cm)","","","14:10#grey;5:200013260#200x220cm 3pcs set","0","","","deny","manual","359.40","","TRUE","TRUE","","","","https://cdn.shopify.com/s/files/1/0630/7040/4667/files/Sd9ffa45715d0413e850cbf2f2cfbbdb79.jpg?v=1762747754","",""
"conjunto-afrodite","","","","","","","","","Verde Claro","","King (200x220cm)","","","14:29#green1;5:200013260#200x220cm 3pcs set","0","","","deny","manual","359.40","","TRUE","TRUE","","","","https://cdn.shopify.com/s/files/1/0630/7040/4667/files/S7f9a7579809a4bbf8fd05ce01dfe27c0F.jpg?v=1762747754","",""
"conjunto-afrodite","","","","","","","","","Salmão","","King (200x220cm)","","","14:175#duster pink;5:200013260#200x220cm 3pcs set","0","","","deny","manual","359.40","","TRUE","TRUE","","","","https://cdn.shopify.com/s/files/1/0630/7040/4667/files/S59c2b05d039745d287097e322794cb15r.jpg?v=1762747753","",""
"conjunto-afrodite","","","","","","","","","Verde Escuro","","King (200x220cm)","","","14:193#green3;5:200013260#200x220cm 3pcs set","0","","","deny","manual","359.40","","TRUE","TRUE","","","","https://cdn.shopify.com/s/files/1/0630/7040/4667/files/Se7e375b0a7aa497cb427ccbb8b3cfb37a.jpg?v=1762747754","",""
"conjunto-afrodite","","","","","","","","","Azul Piscina","","King (200x220cm)","","","14:366#Lake Blue;5:200013260#200x220cm 3pcs set","0","","","deny","manual","359.40","","TRUE","TRUE","","","","https://cdn.shopify.com/s/files/1/0630/7040/4667/files/S3e5dc8fb42b34026a46f6fc798cfe87bg.jpg?v=1762747754","",""
"conjunto-afrodite","","","","","","","","","Rosa","","King (200x220cm)","","","14:496#pink;5:200013260#200x220cm 3pcs set","0","","","deny","manual","359.40","","TRUE","TRUE","","","","https://cdn.shopify.com/s/files/1/0630/7040/4667/files/S1d2cac5592c24e02bc51d5a43cc28ac9n.jpg?v=1762747754","",""
"conjunto-afrodite","","","","","","","","","Amarelo Floral","","King (200x220cm)","","","14:1052#camel;5:200013260#200x220cm 3pcs set","0","","","deny","manual","359.40","","TRUE","TRUE","","","","https://cdn.shopify.com/s/files/1/0630/7040/4667/files/Sfc160c25553e490ea77bdbfc94c656f9d.jpg?v=1762747754","",""
"conjunto-afrodite","","","","","","","","","Azul Floral","","King (200x220cm)","","","14:350852#blue daisy;5:200013260#200x220cm 3pcs set","0","","","deny","manual","359.40","","TRUE","TRUE","","","","https://cdn.shopify.com/s/files/1/0630/7040/4667/files/S6a261b49c8dd4893aa546bab7010bc1c0.jpg?v=1762747754","",""
"conjunto-afrodite","","","","","","","","","Roxo Floral","","King (200x220cm)","","","14:365458#purple flower;5:200013260#200x220cm 3pcs set","0","","","deny","manual","359.40","","TRUE","TRUE","","","","https://cdn.shopify.com/s/files/1/0630/7040/4667/files/S36fb757cf9564e7cb3dcecc673beefa6X.jpg?v=1762747754","",""
"conjunto-sleep-luxury","Conjunto Sleep Luxury™ /  Lençol de Seda Cetim + Fronhas","<p><audio class=""audio-for-speech""></audio></p>
<div class=""translate-tooltip-mtz hidden"">
<div class=""header"">
<div class=""header-controls"">
<span class=""sound-translate""></span><br>
</div>
</div>
</div>
<h2 style=""text-align: center;""><span dir=""ltr"" style=""color: #d09c3b;"">DESFRUTE DE UMA ÓTIMA NOITE DE SONO QUE SÓ O NOSSO LENÇOL DE SEDA CETIM PODE TE OFERECER!</span></h2>
<p><strong><span dir=""ltr"">O mais <span style=""color: #d09c3b;"">refinado, respirável e macio</span> do mercado! As propriedades reguladoras de temperatura naturais do Silk mantêm você confortável em todas as estações. Ele absorve a umidade do corpo no verão e mantém você aquecido no inverno.</span></strong></p>
<p><span dir=""ltr""><br><img src=""https://cdn.shopify.com/s/files/1/0520/1140/1370/files/sleep-luxury-3_480x480_046f74e7-6475-4bf4-aa36-825e9a8e4c05_480x480.gif?v=1658767344"" alt="""" data-mce-fragment=""1""><br><strong><span style=""color: #d09c3b;"">✔ Material natural</span><span> -</span></strong><span> <strong>os lençóis de seda cetim são feitos de fibras de proteína natural. Ideal para pessoas com pele sensível e hipoalérgicas. </strong></span></span></p>
<p><span dir=""ltr""><br><img src=""https://cdn.shopify.com/s/files/1/0520/1140/1370/files/ea17fa2610ecb7dafc8a982a5d87c7cf_480x480.gif?v=1658767308"" alt="""" data-mce-fragment=""1""><br><strong><span> <span style=""color: #d09c3b;"">✔ Alta qualidade de artesanato e design</span> </span>- lençóis lisos de seda cetim produzidos por profissionais, com bordados elegantes e acabamento perfeito! Com certeza seu quarto irá ficar muito mais lindo e requintado com este lençol e fronhas.</strong><br><img class=""sep-lazyload lazyautosizes lazyloaded"" sizes=""480px"" srcset=""https://cdn.shoplazza.com/947f9fa93832f713cba3448453677a98_540.jpg 48w, https://cdn.shoplazza.com/947f9fa93832f713cba3448453677a98_540.jpg 180w, https://cdn.shoplazza.com/947f9fa93832f713cba3448453677a98_540.jpg 360w, https://cdn.shoplazza.com/947f9fa93832f713cba3448453677a98_540.jpg 540w, https://cdn.shoplazza.com/947f9fa93832f713cba3448453677a98_540.jpg 720w, https://cdn.shoplazza.com/947f9fa93832f713cba3448453677a98_540.jpg 900w, https://cdn.shoplazza.com/947f9fa93832f713cba3448453677a98_540.jpg 1024w, https://cdn.shoplazza.com/947f9fa93832f713cba3448453677a98_540.jpg 1280w, https://cdn.shoplazza.com/947f9fa93832f713cba3448453677a98_540.jpg 1366w, https://cdn.shoplazza.com/947f9fa93832f713cba3448453677a98_540.jpg 1440w, https://cdn.shoplazza.com/947f9fa93832f713cba3448453677a98_540.jpg 1536w, https://cdn.shoplazza.com/947f9fa93832f713cba3448453677a98_540.jpg 1600w, https://cdn.shoplazza.com/947f9fa93832f713cba3448453677a98_540.jpg 1920w, https://cdn.shoplazza.com/947f9fa93832f713cba3448453677a98_540.jpg 2056w, https://cdn.shoplazza.com/947f9fa93832f713cba3448453677a98_540.jpg 2560w, https://cdn.shoplazza.com/947f9fa93832f713cba3448453677a98_540.jpg 2732w, https://cdn.shoplazza.com/947f9fa93832f713cba3448453677a98_540.jpg 2880w, https://cdn.shoplazza.com/947f9fa93832f713cba3448453677a98_540.jpg 3072w, https://cdn.shoplazza.com/947f9fa93832f713cba3448453677a98_540.jpg 3200w, https://cdn.shoplazza.com/947f9fa93832f713cba3448453677a98_540.jpg 3840w"" alt="""" width=""480"" height=""480"" data-sizes=""auto"" data-srcset=""https://cdn.shoplazza.com/947f9fa93832f713cba3448453677a98_540.jpg 48w, https://cdn.shoplazza.com/947f9fa93832f713cba3448453677a98_540.jpg 180w, https://cdn.shoplazza.com/947f9fa93832f713cba3448453677a98_540.jpg 360w, https://cdn.shoplazza.com/947f9fa93832f713cba3448453677a98_540.jpg 540w, https://cdn.shoplazza.com/947f9fa93832f713cba3448453677a98_540.jpg 720w, https://cdn.shoplazza.com/947f9fa93832f713cba3448453677a98_540.jpg 900w, https://cdn.shoplazza.com/947f9fa93832f713cba3448453677a98_540.jpg 1024w, https://cdn.shoplazza.com/947f9fa93832f713cba3448453677a98_540.jpg 1280w, https://cdn.shoplazza.com/947f9fa93832f713cba3448453677a98_540.jpg 1366w, https://cdn.shoplazza.com/947f9fa93832f713cba3448453677a98_540.jpg 1440w, https://cdn.shoplazza.com/947f9fa93832f713cba3448453677a98_540.jpg 1536w, https://cdn.shoplazza.com/947f9fa93832f713cba3448453677a98_540.jpg 1600w, https://cdn.shoplazza.com/947f9fa93832f713cba3448453677a98_540.jpg 1920w, https://cdn.shoplazza.com/947f9fa93832f713cba3448453677a98_540.jpg 2056w, https://cdn.shoplazza.com/947f9fa93832f713cba3448453677a98_540.jpg 2560w, https://cdn.shoplazza.com/947f9fa93832f713cba3448453677a98_540.jpg 2732w, https://cdn.shoplazza.com/947f9fa93832f713cba3448453677a98_540.jpg 2880w, https://cdn.shoplazza.com/947f9fa93832f713cba3448453677a98_540.jpg 3072w, https://cdn.shoplazza.com/947f9fa93832f713cba3448453677a98_540.jpg 3200w, https://cdn.shoplazza.com/947f9fa93832f713cba3448453677a98_540.jpg 3840w"" style=""display: block; margin-left: auto; margin-right: auto;""><br><strong><span><span style=""color: #d09c3b;"">✔ Lençol que não escapa e não embaraça</span>-</span>Design profundo com bolsos e elástico ao redor de toda a parte inferior, o que evita que os cantos apareçam, mesmo se você se jogar e virar. O lençol quando ajustado mantém totalmente sua forma, não se preocupe mais em ficar esticando ou arrumando o lençol todos os dias!</strong><br><br></span></p>
<p><span dir=""ltr""><img style=""display: block; margin-left: auto; margin-right: auto;"" class=""sep-lazyload lazyautosizes lazyloaded"" sizes=""480px"" srcset=""https://cdn.shoplazza.com/0c10727dcfba1fb388645aa3a5c73003_540.jpg 48w, https://cdn.shoplazza.com/0c10727dcfba1fb388645aa3a5c73003_540.jpg 180w, https://cdn.shoplazza.com/0c10727dcfba1fb388645aa3a5c73003_540.jpg 360w, https://cdn.shoplazza.com/0c10727dcfba1fb388645aa3a5c73003_540.jpg 540w, https://cdn.shoplazza.com/0c10727dcfba1fb388645aa3a5c73003_540.jpg 720w, https://cdn.shoplazza.com/0c10727dcfba1fb388645aa3a5c73003_540.jpg 900w, https://cdn.shoplazza.com/0c10727dcfba1fb388645aa3a5c73003_540.jpg 1024w, https://cdn.shoplazza.com/0c10727dcfba1fb388645aa3a5c73003_540.jpg 1280w, https://cdn.shoplazza.com/0c10727dcfba1fb388645aa3a5c73003_540.jpg 1366w, https://cdn.shoplazza.com/0c10727dcfba1fb388645aa3a5c73003_540.jpg 1440w, https://cdn.shoplazza.com/0c10727dcfba1fb388645aa3a5c73003_540.jpg 1536w, https://cdn.shoplazza.com/0c10727dcfba1fb388645aa3a5c73003_540.jpg 1600w, https://cdn.shoplazza.com/0c10727dcfba1fb388645aa3a5c73003_540.jpg 1920w, https://cdn.shoplazza.com/0c10727dcfba1fb388645aa3a5c73003_540.jpg 2056w, https://cdn.shoplazza.com/0c10727dcfba1fb388645aa3a5c73003_540.jpg 2560w, https://cdn.shoplazza.com/0c10727dcfba1fb388645aa3a5c73003_540.jpg 2732w, https://cdn.shoplazza.com/0c10727dcfba1fb388645aa3a5c73003_540.jpg 2880w, https://cdn.shoplazza.com/0c10727dcfba1fb388645aa3a5c73003_540.jpg 3072w, https://cdn.shoplazza.com/0c10727dcfba1fb388645aa3a5c73003_540.jpg 3200w, https://cdn.shoplazza.com/0c10727dcfba1fb388645aa3a5c73003_540.jpg 3840w"" alt="""" width=""480"" height=""480"" data-sizes=""auto"" data-srcset=""https://cdn.shoplazza.com/0c10727dcfba1fb388645aa3a5c73003_540.jpg 48w, https://cdn.shoplazza.com/0c10727dcfba1fb388645aa3a5c73003_540.jpg 180w, https://cdn.shoplazza.com/0c10727dcfba1fb388645aa3a5c73003_540.jpg 360w, https://cdn.shoplazza.com/0c10727dcfba1fb388645aa3a5c73003_540.jpg 540w, https://cdn.shoplazza.com/0c10727dcfba1fb388645aa3a5c73003_540.jpg 720w, https://cdn.shoplazza.com/0c10727dcfba1fb388645aa3a5c73003_540.jpg 900w, https://cdn.shoplazza.com/0c10727dcfba1fb388645aa3a5c73003_540.jpg 1024w, https://cdn.shoplazza.com/0c10727dcfba1fb388645aa3a5c73003_540.jpg 1280w, https://cdn.shoplazza.com/0c10727dcfba1fb388645aa3a5c73003_540.jpg 1366w, https://cdn.shoplazza.com/0c10727dcfba1fb388645aa3a5c73003_540.jpg 1440w, https://cdn.shoplazza.com/0c10727dcfba1fb388645aa3a5c73003_540.jpg 1536w, https://cdn.shoplazza.com/0c10727dcfba1fb388645aa3a5c73003_540.jpg 1600w, https://cdn.shoplazza.com/0c10727dcfba1fb388645aa3a5c73003_540.jpg 1920w, https://cdn.shoplazza.com/0c10727dcfba1fb388645aa3a5c73003_540.jpg 2056w, https://cdn.shoplazza.com/0c10727dcfba1fb388645aa3a5c73003_540.jpg 2560w, https://cdn.shoplazza.com/0c10727dcfba1fb388645aa3a5c73003_540.jpg 2732w, https://cdn.shoplazza.com/0c10727dcfba1fb388645aa3a5c73003_540.jpg 2880w, https://cdn.shoplazza.com/0c10727dcfba1fb388645aa3a5c73003_540.jpg 3072w, https://cdn.shoplazza.com/0c10727dcfba1fb388645aa3a5c73003_540.jpg 3200w, https://cdn.shoplazza.com/0c10727dcfba1fb388645aa3a5c73003_540.jpg 3840w""><br><strong><span><span style=""color: #d09c3b;"">✔ Tecido Premium</span> </span>- respirável, resistente a rugas, muito macio e confortável para a experiência definitiva de dormir.</strong><br><br></span></p>
<p><strong><span style=""vertical-align: inherit;""><span style=""vertical-align: inherit;"">TAMANHOS E MEDIDAS: </span></span></strong></p>
<ul>
<li><strong><span style=""color: #d09c3b;"">Viúva:</span> 120x200cm</strong></li>
<li><strong><span style=""color: #d09c3b;"">Casal:</span> 150x200cm </strong></li>
<li><strong><span style=""color: #d09c3b;""><span style=""vertical-align: inherit;""><span style=""vertical-align: inherit;"">Rainha:</span></span></span><span style=""vertical-align: inherit;""><span style=""vertical-align: inherit;"">  180x200cm</span></span></strong></li>
<li><strong><span style=""color: #d09c3b;""><span style=""vertical-align: inherit;""><span style=""vertical-align: inherit;"">Rei:</span></span></span><span style=""vertical-align: inherit;""><span style=""vertical-align: inherit;"">  200x220cm</span></span></strong></li>
</ul>
<p><span dir=""ltr""><br></span></p>
<p> </p>","ModernLar","","","","true","Clique Abaixo Para Selecionar a Cor Desejada","Dourado","Clique Abaixo Para Selecionar o Tamanho Desejado","Casal","","","45749074-picture-color-4-150x200cm-3pc","0","","","deny","manual","285.90","","TRUE","TRUE","","https://cdn.shopify.com/s/files/1/0630/7040/4667/files/product-image-1778381317.jpg?v=1762747754","1","https://cdn.shopify.com/s/files/1/0630/7040/4667/files/product-image-1778381317.jpg?v=1762747754","","active"
"conjunto-sleep-luxury","","","","","","","","","Dourado","","Viúva","","","45749074-picture-color-4-120x200cm-2pc","0","","","deny","manual","255.90","","TRUE","TRUE","","https://cdn.shopify.com/s/files/1/0630/7040/4667/files/WhatsAppImage2021-07-19at15.53.04.jpg?v=1762747754","2","https://cdn.shopify.com/s/files/1/0630/7040/4667/files/product-image-1778381317.jpg?v=1762747754","",""
"conjunto-sleep-luxury","","","","","","","","","Dourado","","Queen","","","45749074-picture-color-4-180x200cm-3pc","0","","","deny","manual","309.90","","TRUE","TRUE","","https://cdn.shopify.com/s/files/1/0630/7040/4667/files/2-variant-peiduo-lencol-de-cetim-de-alta-qualidade-capa-de-colchao-portatil-com-fronha-cor-solida.jpg?v=1762747754","3","https://cdn.shopify.com/s/files/1/0630/7040/4667/files/product-image-1778381317.jpg?v=1762747754","",""
"conjunto-sleep-luxury","","","","","","","","","Dourado","","King","","","45749074-picture-color-4-200x220cm-3pc","0","","","deny","manual","359.90","","TRUE","TRUE","","https://cdn.shopify.com/s/files/1/0630/7040/4667/files/product-image-1778381319.jpg?v=1762747754","4","https://cdn.shopify.com/s/files/1/0630/7040/4667/files/product-image-1778381317.jpg?v=1762747754","",""
"conjunto-sleep-luxury","","","","","","","","","Azul","","Casal","","","45749074-picture-color-2-150x200cm-3pc","0","","","deny","manual","285.90","","TRUE","TRUE","","https://cdn.shopify.com/s/files/1/0630/7040/4667/files/product-image-1778381318.jpg?v=1762747754","5","https://cdn.shopify.com/s/files/1/0630/7040/4667/files/WhatsAppImage2021-07-19at15.53.04.jpg?v=1762747754","",""
"conjunto-sleep-luxury","","","","","","","","","Azul","","Viúva","","","45749074-picture-color-2-120x200cm-2pc","0","","","deny","manual","255.90","","TRUE","TRUE","","","","https://cdn.shopify.com/s/files/1/0630/7040/4667/files/WhatsAppImage2021-07-19at15.53.04.jpg?v=1762747754","",""
"conjunto-sleep-luxury","","","","","","","","","Azul","","Queen","","","45749074-picture-color-2-180x200cm-3pc","0","","","deny","manual","309.90","","TRUE","TRUE","","","","https://cdn.shopify.com/s/files/1/0630/7040/4667/files/WhatsAppImage2021-07-19at15.53.04.jpg?v=1762747754","",""
"conjunto-sleep-luxury","","","","","","","","","Azul","","King","","","45749074-picture-color-2-200x220cm-3pc","0","","","deny","manual","359.90","","TRUE","TRUE","","","","https://cdn.shopify.com/s/files/1/0630/7040/4667/files/WhatsAppImage2021-07-19at15.53.04.jpg?v=1762747754","",""
"conjunto-sleep-luxury","","","","","","","","","Cinza","","Casal","","","45749074-picture-color-150x200cm-3pc","0","","","deny","manual","285.90","","TRUE","TRUE","","","","https://cdn.shopify.com/s/files/1/0630/7040/4667/files/2-variant-peiduo-lencol-de-cetim-de-alta-qualidade-capa-de-colchao-portatil-com-fronha-cor-solida.jpg?v=1762747754","",""
"conjunto-sleep-luxury","","","","","","","","","Cinza","","Viúva","","","45749074-picture-color-120x200cm-2pc","0","","","deny","manual","255.90","","TRUE","TRUE","","","","https://cdn.shopify.com/s/files/1/0630/7040/4667/files/2-variant-peiduo-lencol-de-cetim-de-alta-qualidade-capa-de-colchao-portatil-com-fronha-cor-solida.jpg?v=1762747754","",""
"conjunto-sleep-luxury","","","","","","","","","Cinza","","Queen","","","45749074-picture-color-180x200cm-3pc","0","","","deny","manual","309.90","","TRUE","TRUE","","","","https://cdn.shopify.com/s/files/1/0630/7040/4667/files/2-variant-peiduo-lencol-de-cetim-de-alta-qualidade-capa-de-colchao-portatil-com-fronha-cor-solida.jpg?v=1762747754","",""
"conjunto-sleep-luxury","","","","","","","","","Cinza","","King","","","45749074-picture-color-200x220cm-3pc","0","","","deny","manual","359.90","","TRUE","TRUE","","","","https://cdn.shopify.com/s/files/1/0630/7040/4667/files/2-variant-peiduo-lencol-de-cetim-de-alta-qualidade-capa-de-colchao-portatil-com-fronha-cor-solida.jpg?v=1762747754","",""
"conjunto-sleep-luxury","","","","","","","","","Rosa","","Casal","","","45749074-picture-color-6-150x200cm-3pc","0","","","deny","manual","285.90","","TRUE","TRUE","","","","https://cdn.shopify.com/s/files/1/0630/7040/4667/files/product-image-1778381319.jpg?v=1762747754","",""
"conjunto-sleep-luxury","","","","","","","","","Rosa","","Viúva","","","45749074-picture-color-6-120x200cm-2pc","0","","","deny","manual","255.90","","TRUE","TRUE","","","","https://cdn.shopify.com/s/files/1/0630/7040/4667/files/product-image-1778381319.jpg?v=1762747754","",""
"conjunto-sleep-luxury","","","","","","","","","Rosa","","Queen","","","45749074-picture-color-6-180x200cm-3pc","0","","","deny","manual","309.90","","TRUE","TRUE","","","","https://cdn.shopify.com/s/files/1/0630/7040/4667/files/product-image-1778381319.jpg?v=1762747754","",""
"conjunto-sleep-luxury","","","","","","","","","Rosa","","King","","","45749074-picture-color-6-200x220cm-3pc","0","","","deny","manual","359.90","","TRUE","TRUE","","","","https://cdn.shopify.com/s/files/1/0630/7040/4667/files/product-image-1778381319.jpg?v=1762747754","",""
"conjunto-sleep-luxury","","","","","","","","","Verde","","Casal","","","45749074-picture-color-5-150x200cm-3pc","0","","","deny","manual","285.90","","TRUE","TRUE","","","","https://cdn.shopify.com/s/files/1/0630/7040/4667/files/product-image-1778381318.jpg?v=1762747754","",""
"conjunto-sleep-luxury","","","","","","","","","Verde","","Viúva","","","45749074-picture-color-5-120x200cm-2pc","0","","","deny","manual","255.90","","TRUE","TRUE","","","","https://cdn.shopify.com/s/files/1/0630/7040/4667/files/product-image-1778381318.jpg?v=1762747754","",""
"conjunto-sleep-luxury","","","","","","","","","Verde","","Queen","","","45749074-picture-color-5-180x200cm-3pc","0","","","deny","manual","309.90","","TRUE","TRUE","","","","https://cdn.shopify.com/s/files/1/0630/7040/4667/files/product-image-1778381318.jpg?v=1762747754","",""
"conjunto-sleep-luxury","","","","","","","","","Verde","","King","","","45749074-picture-color-5-200x220cm-3pc","0","","","deny","manual","359.90","","TRUE","TRUE","","","","https://cdn.shopify.com/s/files/1/0630/7040/4667/files/product-image-1778381318.jpg?v=1762747754","",""
"conjunto-gihng-pure-luxury-pecas-em-100-algodao-egipcio","Conjunto Gihng Pure Luxury-  Peças em 100% Algodão Egípcio","<h2 style=""text-align: center;""> Genuíno Conjunto de Roupas de Cama em Algodão Egípcio: Luxo &amp; Conforto que Você Jamais Viu ou Sentiu!</h2>
<p>Considerado um item altamente luxuoso, feito com fibras naturais exclusivas do magnífico algodão egípcio, o conjunto Gihng será o seu mais novo companheiro para passar as melhores noites e momentos na cama. </p>
<p><img src=""https://cdn.shopify.com/s/files/1/0520/1140/1370/files/product-image-1992823760_480x480.jpg?v=1650744917"" alt=""""></p>
<p>O conjunto acompanha 6 peças por padrão, sendo: 1 edredom, 1 lençol e 4 fronhas. Todas as peças são feitas 100% em algodão egípcio, de característica sedosa, macia e brilhante.</p>
<p> <img src=""https://cdn.shopify.com/s/files/1/0520/1140/1370/files/product-image-1992823695_480x480.jpg?v=1650750248"" alt="""" data-mce-fragment=""1""></p>
<h3>POR QUE ESCOLHER O CONJUNTO DE ROUPAS DE CAMA EM ALGODÃO EGÍPCIO ?</h3>
<ul>
<li>
<strong>Antienvelhecimento e retém a umidade:</strong><span> C</span>ontém proteínas naturais e 18 aminoácidos essenciais, é um tecido respirável que ajuda a reter a umidade e prevenir rugas.</li>
<li>
<strong>Melhor para cuidados com a pele e cabelo:</strong><span><strong> </strong>Protege</span> sua pele, aparência e saúde em geral. Este conjunto evita que os cabelos fiquem embaraçados e emaranhados, proporciona um sono de alta qualidade.</li>
<li>
<strong>Antialérgico: </strong>aumenta a vitalidade das células da pele e repele vários alérgenos ambientais, incluindo ácaros, bolores, percevejos e bactérias. O tecido é super sedoso e não agride a pele, pois desliza suavemente sob a mesma.</li>
</ul>
<div><br></div>
<p> <img src=""https://cdn.shopify.com/s/files/1/0520/1140/1370/files/product-image-1992823728_480x480.jpg?v=1650746581"" alt="""" data-mce-fragment=""1""></p>
<ul>
<li>
<strong>Temperatura constante:</strong><span><strong> </strong>O tecido sedoso</span> é um regulador natural da temperatura corporal, por isso é capaz de absorver e transpirar suor ou umidade, mantendo você fresco em dias quentes e quente em dias frios.</li>
<li>
<strong>Melhora a qualidade do sono:</strong> Nosso conjunto é super macio e suave. Depois de um dia agitado, quando você se deita em sua cama, a sensação proporcionada lhe trará um toque de luxo para um sono confortável noite após noite.</li>
</ul>
<div><img alt="""" src=""https://cdn.shopify.com/s/files/1/0520/1140/1370/files/product-image-1992823702_480x480.jpg?v=1650746617""></div>
<div><br></div>
<div><br></div>
<h5>✔ APROVEITE SUA HORA DE DORMIR COMO NUNCA ANTES:</h5>
<p>Que tal obter aquele conforto extra ao longo do dia, descansando em nosso conjunto de algodão egípcio de maciez inigualável você estará revigorado para fazer suas atividades a todo vapor no dia seguinte, aproveite o máximo conforto e luxo! </p>
<p><img alt="""" src=""https://cdn.shopify.com/s/files/1/0520/1140/1370/files/product-image-1992823694_480x480.jpg?v=1650746643""></p>
<h5>✔ CONJUNTO DE CAMA QUE VOCÊ ENCONTRA NOS HOTÉIS DE LUXO! </h5>
<p>Cada toque faz o corpo amar. Quer seja o brilho da superfície ou a suavidade natural do tecido, apresenta uma qualidade elevada e requintada que você encontra nos hotéis 5 estrelas pelo mundo!</p>
<p> <img src=""https://cdn.shopify.com/s/files/1/0520/1140/1370/files/product-image-1992823795_480x480.jpg?v=1650746676"" alt="""" data-mce-fragment=""1""></p>
<h5>✔ ESCOLHA O CAIMENTO DO LENÇOL CONFORME VOCÊ GOSTA!</h5>
<p>Você está no controle, se deseja o lençol grande e solto na cama ou o lençol justo e firme, conforme nas fotos abaixo.</p>
<p><strong>Lençol Solto:</strong></p>
<p><img src=""https://cdn.shopify.com/s/files/1/0520/1140/1370/files/Seb7866f1920c45dbac831da3911c602di_480x480.jpg?v=1650748353"" alt=""""></p>
<p><strong>Lençol de Elástico:</strong></p>
<p><img src=""https://cdn.shopify.com/s/files/1/0520/1140/1370/files/Sb7a944a5acd74d319b38d486250615cam_480x480.jpg?v=1650748380"" alt=""""></p>
<h3>CONTEÚDO DO PACOTE: </h3>
<ul>
<li>1x Lençol;</li>
<li>1X Edredom;</li>
<li>4x Fronhas</li>
<li>(O tamanho ""viúva"" acompanha 3 fronhas);</li>
</ul>
<h3>MATERIAIS:</h3>
<ul>
<li>100% Algodão Egípcio;</li>
</ul>
<h3>INSTRUÇÃO E CUIDADOS:</h3>
<ul>
<li>A lavagem à mão é recomendada e a lavagem à máquina também está disponível.</li>
<li>Usando um sabão-detergente suave ou especial para algodão egípcio;</li>
<li>Para secar pendure a seco, se possível deve ser natural de secagem ao ar na sombra</li>
</ul>
<p><img src=""https://cdn.shopify.com/s/files/1/0520/1140/1370/files/product-image-1992823720_480x480.jpg?v=1650746763"" alt=""""></p>
<h3>TAMANHOS:</h3>
<h3><strong>Edredom: </strong></h3>
<ul>
<li>Viúva: 150x200cm;</li>
<li>Casal: 180x230cm;</li>
<li>Queen: 200x230cm;</li>
<li>King: 220x240cm;</li>
</ul>
<p data-mce-fragment=""1""><strong>Lençol (com elástico): </strong></p>
<ul>
<li>Viúva: 120x200cm;</li>
<li>Casal: 150x200cm;</li>
<li>Queen: 180x200cm:</li>
<li>King: 200x220cm;<b> </b>
</li>
</ul>
<p data-mce-fragment=""1""><strong>Lençol (solto):</strong></p>
<ul>
<li>Viúva: 180x230cm;</li>
<li>Casal: 220x240cm;</li>
<li>Queen: 245x245cm;</li>
<li>King: 245x265cm;<b> </b>
</li>
</ul>
<p data-mce-fragment=""1""><strong>Fronhas:</strong></p>
<ul>
<li>48x74cm;</li>
</ul>
<p><img alt="""" src=""https://cdn.shopify.com/s/files/1/0520/1140/1370/files/product-image-1992823690_480x480.jpg?v=1650749466""></p>
<div style=""text-align: start;""><br></div>
<div><br></div>","ModernLar","","","","true","Clique Abaixo Para Selecionar a Cor Desejada","Azul","Clique Abaixo Para Selecionar a Modelagem Desejada","Lençol Solto","Clique Abaixo Para Selecionar o Tamanho Desejado","Viúva - 5 Peças","51639753-5-flat-bed-sheet-twin-5pcs","0","","","deny","manual","815.90","","TRUE","TRUE","","https://cdn.shopify.com/s/files/1/0630/7040/4667/files/product-image-1992823793.jpg?v=1762747754","1","https://cdn.shopify.com/s/files/1/0630/7040/4667/files/product-image-1992823793.jpg?v=1762747754","","active"
"conjunto-gihng-pure-luxury-pecas-em-100-algodao-egipcio","","","","","","","","","Azul","","Lençol Solto","","Casal - 6 Peças","51639753-5-flat-bed-sheet-us-queen-4pcs","0","","","deny","manual","849.90","","TRUE","TRUE","","https://cdn.shopify.com/s/files/1/0630/7040/4667/files/product-image-1992823792.jpg?v=1762747754","2","https://cdn.shopify.com/s/files/1/0630/7040/4667/files/product-image-1992823793.jpg?v=1762747754","",""
"conjunto-gihng-pure-luxury-pecas-em-100-algodao-egipcio","","","","","","","","","Azul","","Lençol Solto","","Queen - 6 Peças","51639753-5-flat-bed-sheet-us-queen-6pcs","0","","","deny","manual","895.90","","TRUE","TRUE","","https://cdn.shopify.com/s/files/1/0630/7040/4667/files/product-image-1992823799.jpg?v=1762747754","3","https://cdn.shopify.com/s/files/1/0630/7040/4667/files/product-image-1992823793.jpg?v=1762747754","",""
"conjunto-gihng-pure-luxury-pecas-em-100-algodao-egipcio","","","","","","","","","Azul","","Lençol Solto","","King - 6 Peças","51639753-5-flat-bed-sheet-king-6pcs","0","","","deny","manual","929.90","","TRUE","TRUE","","https://cdn.shopify.com/s/files/1/0630/7040/4667/files/298029291_1047451696135827_483844406189320101_n.jpg?v=1762747754","4","https://cdn.shopify.com/s/files/1/0630/7040/4667/files/product-image-1992823793.jpg?v=1762747754","",""
"conjunto-gihng-pure-luxury-pecas-em-100-algodao-egipcio","","","","","","","","","Azul","","Lençol de Elástico","","Viúva - 5 Peças","51639753-5-fitted-bed-sheet-twin-5pcs","0","","","deny","manual","815.90","","TRUE","TRUE","","https://cdn.shopify.com/s/files/1/0630/7040/4667/files/product-image-1992823786.jpg?v=1762747754","5","https://cdn.shopify.com/s/files/1/0630/7040/4667/files/product-image-1992823793.jpg?v=1762747754","",""
"conjunto-gihng-pure-luxury-pecas-em-100-algodao-egipcio","","","","","","","","","Azul","","Lençol de Elástico","","Casal - 6 Peças","51639753-5-fitted-bed-sheet-us-queen-6pcs","0","","","deny","manual","849.90","","TRUE","TRUE","","https://cdn.shopify.com/s/files/1/0630/7040/4667/files/product-image-1992823800.jpg?v=1762747754","6","https://cdn.shopify.com/s/files/1/0630/7040/4667/files/product-image-1992823793.jpg?v=1762747754","",""
"conjunto-gihng-pure-luxury-pecas-em-100-algodao-egipcio","","","","","","","","","Azul","","Lençol de Elástico","","Queen - 6 Peças","51639753-5-fitted-bed-sheet-eu-queen-6pcs","0","","","deny","manual","895.90","","TRUE","TRUE","","https://cdn.shopify.com/s/files/1/0630/7040/4667/files/product-image-1992823787.jpg?v=1762747754","7","https://cdn.shopify.com/s/files/1/0630/7040/4667/files/product-image-1992823793.jpg?v=1762747754","",""
"conjunto-gihng-pure-luxury-pecas-em-100-algodao-egipcio","","","","","","","","","Azul","","Lençol de Elástico","","King - 6 Peças","51639753-5-fitted-bed-sheet-king-6pcs","0","","","deny","manual","929.90","","TRUE","TRUE","","https://cdn.shopify.com/s/files/1/0630/7040/4667/files/product-image-1992823789.jpg?v=1762747754","8","https://cdn.shopify.com/s/files/1/0630/7040/4667/files/product-image-1992823793.jpg?v=1762747754","",""
"conjunto-gihng-pure-luxury-pecas-em-100-algodao-egipcio","","","","","","","","","Branco","","Lençol Solto","","Viúva - 5 Peças","51639753-15-flat-bed-sheet-twin-5pcs","0","","","deny","manual","815.90","","TRUE","TRUE","","https://cdn.shopify.com/s/files/1/0630/7040/4667/files/product-image-1992823796.jpg?v=1762747754","9","https://cdn.shopify.com/s/files/1/0630/7040/4667/files/product-image-1992823792.jpg?v=1762747754","",""
"conjunto-gihng-pure-luxury-pecas-em-100-algodao-egipcio","","","","","","","","","Branco","","Lençol Solto","","Casal - 6 Peças","51639753-15-flat-bed-sheet-us-queen-4pcs","0","","","deny","manual","849.90","","TRUE","TRUE","","https://cdn.shopify.com/s/files/1/0630/7040/4667/files/product-image-1992823795.jpg?v=1762747754","10","https://cdn.shopify.com/s/files/1/0630/7040/4667/files/product-image-1992823792.jpg?v=1762747754","",""
"conjunto-gihng-pure-luxury-pecas-em-100-algodao-egipcio","","","","","","","","","Branco","","Lençol Solto","","Queen - 6 Peças","51639753-15-flat-bed-sheet-us-queen-6pcs","0","","","deny","manual","895.90","","TRUE","TRUE","","","","https://cdn.shopify.com/s/files/1/0630/7040/4667/files/product-image-1992823792.jpg?v=1762747754","",""
"conjunto-gihng-pure-luxury-pecas-em-100-algodao-egipcio","","","","","","","","","Branco","","Lençol Solto","","King - 6 Peças","51639753-15-flat-bed-sheet-king-6pcs","0","","","deny","manual","929.90","","TRUE","TRUE","","","","https://cdn.shopify.com/s/files/1/0630/7040/4667/files/product-image-1992823792.jpg?v=1762747754","",""
"conjunto-gihng-pure-luxury-pecas-em-100-algodao-egipcio","","","","","","","","","Branco","","Lençol de Elástico","","Viúva - 5 Peças","51639753-15-fitted-bed-sheet-twin-5pcs","0","","","deny","manual","815.90","","TRUE","TRUE","","","","https://cdn.shopify.com/s/files/1/0630/7040/4667/files/product-image-1992823792.jpg?v=1762747754","",""
"conjunto-gihng-pure-luxury-pecas-em-100-algodao-egipcio","","","","","","","","","Branco","","Lençol de Elástico","","Casal - 6 Peças","51639753-15-fitted-bed-sheet-us-queen-6pcs","0","","","deny","manual","815.90","","TRUE","TRUE","","","","https://cdn.shopify.com/s/files/1/0630/7040/4667/files/product-image-1992823792.jpg?v=1762747754","",""
"conjunto-gihng-pure-luxury-pecas-em-100-algodao-egipcio","","","","","","","","","Branco","","Lençol de Elástico","","Queen - 6 Peças","51639753-15-fitted-bed-sheet-eu-queen-6pcs","0","","","deny","manual","895.90","","TRUE","TRUE","","","","https://cdn.shopify.com/s/files/1/0630/7040/4667/files/product-image-1992823792.jpg?v=1762747754","",""
"conjunto-gihng-pure-luxury-pecas-em-100-algodao-egipcio","","","","","","","","","Branco","","Lençol de Elástico","","King - 6 Peças","51639753-15-fitted-bed-sheet-king-6pcs","0","","","deny","manual","929.90","","TRUE","TRUE","","","","https://cdn.shopify.com/s/files/1/0630/7040/4667/files/product-image-1992823792.jpg?v=1762747754","",""
"conjunto-gihng-pure-luxury-pecas-em-100-algodao-egipcio","","","","","","","","","Cinza","","Lençol Solto","","Viúva - 5 Peças","51639753-11-flat-bed-sheet-twin-5pcs","0","","","deny","manual","815.90","","TRUE","TRUE","","","","https://cdn.shopify.com/s/files/1/0630/7040/4667/files/product-image-1992823799.jpg?v=1762747754","",""
"conjunto-gihng-pure-luxury-pecas-em-100-algodao-egipcio","","","","","","","","","Cinza","","Lençol Solto","","Casal - 6 Peças","51639753-11-flat-bed-sheet-us-queen-4pcs","0","","","deny","manual","849.90","","TRUE","TRUE","","","","https://cdn.shopify.com/s/files/1/0630/7040/4667/files/product-image-1992823799.jpg?v=1762747754","",""
"conjunto-gihng-pure-luxury-pecas-em-100-algodao-egipcio","","","","","","","","","Cinza","","Lençol Solto","","Queen - 6 Peças","51639753-11-flat-bed-sheet-us-queen-6pcs","0","","","deny","manual","895.90","","TRUE","TRUE","","","","https://cdn.shopify.com/s/files/1/0630/7040/4667/files/product-image-1992823799.jpg?v=1762747754","",""
"conjunto-gihng-pure-luxury-pecas-em-100-algodao-egipcio","","","","","","","","","Cinza","","Lençol Solto","","King - 6 Peças","51639753-11-flat-bed-sheet-king-6pcs","0","","","deny","manual","929.90","","TRUE","TRUE","","","","https://cdn.shopify.com/s/files/1/0630/7040/4667/files/product-image-1992823799.jpg?v=1762747754","",""
"conjunto-gihng-pure-luxury-pecas-em-100-algodao-egipcio","","","","","","","","","Cinza","","Lençol de Elástico","","Viúva - 5 Peças","51639753-11-fitted-bed-sheet-twin-5pcs","0","","","deny","manual","815.90","","TRUE","TRUE","","","","https://cdn.shopify.com/s/files/1/0630/7040/4667/files/product-image-1992823799.jpg?v=1762747754","",""
"conjunto-gihng-pure-luxury-pecas-em-100-algodao-egipcio","","","","","","","","","Cinza","","Lençol de Elástico","","Casal - 6 Peças","51639753-11-fitted-bed-sheet-us-queen-6pcs","0","","","deny","manual","849.90","","TRUE","TRUE","","","","https://cdn.shopify.com/s/files/1/0630/7040/4667/files/product-image-1992823799.jpg?v=1762747754","",""
"conjunto-gihng-pure-luxury-pecas-em-100-algodao-egipcio","","","","","","","","","Cinza","","Lençol de Elástico","","Queen - 6 Peças","51639753-11-fitted-bed-sheet-eu-queen-6pcs","0","","","deny","manual","895.90","","TRUE","TRUE","","","","https://cdn.shopify.com/s/files/1/0630/7040/4667/files/product-image-1992823799.jpg?v=1762747754","",""
"conjunto-gihng-pure-luxury-pecas-em-100-algodao-egipcio","","","","","","","","","Cinza","","Lençol de Elástico","","King - 6 Peças","51639753-11-fitted-bed-sheet-king-6pcs","0","","","deny","manual","929.90","","TRUE","TRUE","","","","https://cdn.shopify.com/s/files/1/0630/7040/4667/files/product-image-1992823799.jpg?v=1762747754","",""
"conjunto-gihng-pure-luxury-pecas-em-100-algodao-egipcio","","","","","","","","","Prata","","Lençol Solto","","Viúva - 5 Peças","51639753-7-flat-bed-sheet-twin-5pcs","0","","","deny","manual","815.90","","TRUE","TRUE","","","","https://cdn.shopify.com/s/files/1/0630/7040/4667/files/298029291_1047451696135827_483844406189320101_n.jpg?v=1762747754","",""
"conjunto-gihng-pure-luxury-pecas-em-100-algodao-egipcio","","","","","","","","","Prata","","Lençol Solto","","Casal - 6 Peças","51639753-7-flat-bed-sheet-us-queen-4pcs","0","","","deny","manual","849.90","","TRUE","TRUE","","","","https://cdn.shopify.com/s/files/1/0630/7040/4667/files/298029291_1047451696135827_483844406189320101_n.jpg?v=1762747754","",""
"conjunto-gihng-pure-luxury-pecas-em-100-algodao-egipcio","","","","","","","","","Prata","","Lençol Solto","","Queen - 6 Peças","51639753-7-flat-bed-sheet-us-queen-6pcs","0","","","deny","manual","895.90","","TRUE","TRUE","","","","https://cdn.shopify.com/s/files/1/0630/7040/4667/files/298029291_1047451696135827_483844406189320101_n.jpg?v=1762747754","",""
"conjunto-gihng-pure-luxury-pecas-em-100-algodao-egipcio","","","","","","","","","Prata","","Lençol Solto","","King - 6 Peças","51639753-7-flat-bed-sheet-king-6pcs","0","","","deny","manual","929.90","","TRUE","TRUE","","","","https://cdn.shopify.com/s/files/1/0630/7040/4667/files/298029291_1047451696135827_483844406189320101_n.jpg?v=1762747754","",""
"conjunto-gihng-pure-luxury-pecas-em-100-algodao-egipcio","","","","","","","","","Prata","","Lençol de Elástico","","Viúva - 5 Peças","51639753-7-fitted-bed-sheet-twin-5pcs","0","","","deny","manual","815.90","","TRUE","TRUE","","","","https://cdn.shopify.com/s/files/1/0630/7040/4667/files/298029291_1047451696135827_483844406189320101_n.jpg?v=1762747754","",""
"conjunto-gihng-pure-luxury-pecas-em-100-algodao-egipcio","","","","","","","","","Prata","","Lençol de Elástico","","Casal - 6 Peças","51639753-7-fitted-bed-sheet-us-queen-6pcs","0","","","deny","manual","849.90","","TRUE","TRUE","","","","https://cdn.shopify.com/s/files/1/0630/7040/4667/files/298029291_1047451696135827_483844406189320101_n.jpg?v=1762747754","",""
"conjunto-gihng-pure-luxury-pecas-em-100-algodao-egipcio","","","","","","","","","Prata","","Lençol de Elástico","","Queen - 6 Peças","51639753-7-fitted-bed-sheet-eu-queen-6pcs","0","","","deny","manual","895.90","","TRUE","TRUE","","","","https://cdn.shopify.com/s/files/1/0630/7040/4667/files/298029291_1047451696135827_483844406189320101_n.jpg?v=1762747754","",""
"conjunto-gihng-pure-luxury-pecas-em-100-algodao-egipcio","","","","","","","","","Prata","","Lençol de Elástico","","King - 6 Peças","51639753-7-fitted-bed-sheet-king-6pcs","0","","","deny","manual","929.90","","TRUE","TRUE","","","","https://cdn.shopify.com/s/files/1/0630/7040/4667/files/298029291_1047451696135827_483844406189320101_n.jpg?v=1762747754","",""
"conjunto-gihng-pure-luxury-pecas-em-100-algodao-egipcio","","","","","","","","","Preto","","Lençol Solto","","Viúva - 5 Peças","51639753-1-flat-bed-sheet-twin-5pcs","0","","","deny","manual","815.90","","TRUE","TRUE","","","","https://cdn.shopify.com/s/files/1/0630/7040/4667/files/product-image-1992823786.jpg?v=1762747754","",""
"conjunto-gihng-pure-luxury-pecas-em-100-algodao-egipcio","","","","","","","","","Preto","","Lençol Solto","","Casal - 6 Peças","51639753-1-flat-bed-sheet-us-queen-4pcs","0","","","deny","manual","849.90","","TRUE","TRUE","","","","https://cdn.shopify.com/s/files/1/0630/7040/4667/files/product-image-1992823786.jpg?v=1762747754","",""
"conjunto-gihng-pure-luxury-pecas-em-100-algodao-egipcio","","","","","","","","","Preto","","Lençol Solto","","Queen - 6 Peças","51639753-1-flat-bed-sheet-us-queen-6pcs","0","","","deny","manual","895.90","","TRUE","TRUE","","","","https://cdn.shopify.com/s/files/1/0630/7040/4667/files/product-image-1992823786.jpg?v=1762747754","",""
"conjunto-gihng-pure-luxury-pecas-em-100-algodao-egipcio","","","","","","","","","Preto","","Lençol Solto","","King - 6 Peças","51639753-1-flat-bed-sheet-king-6pcs","0","","","deny","manual","929.90","","TRUE","TRUE","","","","https://cdn.shopify.com/s/files/1/0630/7040/4667/files/product-image-1992823786.jpg?v=1762747754","",""
"conjunto-gihng-pure-luxury-pecas-em-100-algodao-egipcio","","","","","","","","","Preto","","Lençol de Elástico","","Viúva - 5 Peças","51639753-1-fitted-bed-sheet-twin-5pcs","0","","","deny","manual","815.90","","TRUE","TRUE","","","","https://cdn.shopify.com/s/files/1/0630/7040/4667/files/product-image-1992823786.jpg?v=1762747754","",""
"conjunto-gihng-pure-luxury-pecas-em-100-algodao-egipcio","","","","","","","","","Preto","","Lençol de Elástico","","Casal - 6 Peças","51639753-1-fitted-bed-sheet-us-queen-6pcs","0","","","deny","manual","849.90","","TRUE","TRUE","","","","https://cdn.shopify.com/s/files/1/0630/7040/4667/files/product-image-1992823786.jpg?v=1762747754","",""
"conjunto-gihng-pure-luxury-pecas-em-100-algodao-egipcio","","","","","","","","","Preto","","Lençol de Elástico","","Queen - 6 Peças","51639753-1-fitted-bed-sheet-eu-queen-6pcs","0","","","deny","manual","895.90","","TRUE","TRUE","","","","https://cdn.shopify.com/s/files/1/0630/7040/4667/files/product-image-1992823786.jpg?v=1762747754","",""
"conjunto-gihng-pure-luxury-pecas-em-100-algodao-egipcio","","","","","","","","","Preto","","Lençol de Elástico","","King - 6 Peças","51639753-1-fitted-bed-sheet-king-6pcs","0","","","deny","manual","929.90","","TRUE","TRUE","","","","https://cdn.shopify.com/s/files/1/0630/7040/4667/files/product-image-1992823786.jpg?v=1762747754","",""
"conjunto-gihng-pure-luxury-pecas-em-100-algodao-egipcio","","","","","","","","","Preto Acetinado","","Lençol Solto","","Viúva - 5 Peças","51639753-dark-navy-blue-flat-bed-sheet-twin-5pcs","0","","","deny","manual","815.90","","TRUE","TRUE","","","","https://cdn.shopify.com/s/files/1/0630/7040/4667/files/product-image-1992823800.jpg?v=1762747754","",""
"conjunto-gihng-pure-luxury-pecas-em-100-algodao-egipcio","","","","","","","","","Preto Acetinado","","Lençol Solto","","Casal - 6 Peças","51639753-dark-navy-blue-flat-bed-sheet-us-queen-4pcs","0","","","deny","manual","849.90","","TRUE","TRUE","","","","https://cdn.shopify.com/s/files/1/0630/7040/4667/files/product-image-1992823800.jpg?v=1762747754","",""
"conjunto-gihng-pure-luxury-pecas-em-100-algodao-egipcio","","","","","","","","","Preto Acetinado","","Lençol Solto","","Queen - 6 Peças","51639753-dark-navy-blue-flat-bed-sheet-us-queen-6pcs","0","","","deny","manual","895.90","","TRUE","TRUE","","","","https://cdn.shopify.com/s/files/1/0630/7040/4667/files/product-image-1992823800.jpg?v=1762747754","",""
"conjunto-gihng-pure-luxury-pecas-em-100-algodao-egipcio","","","","","","","","","Preto Acetinado","","Lençol Solto","","King - 6 Peças","51639753-dark-navy-blue-flat-bed-sheet-king-6pcs","0","","","deny","manual","929.90","","TRUE","TRUE","","","","https://cdn.shopify.com/s/files/1/0630/7040/4667/files/product-image-1992823800.jpg?v=1762747754","",""
"conjunto-gihng-pure-luxury-pecas-em-100-algodao-egipcio","","","","","","","","","Preto Acetinado","","Lençol de Elástico","","Viúva - 5 Peças","51639753-dark-navy-blue-fitted-bed-sheet-twin-5pcs","0","","","deny","manual","815.90","","TRUE","TRUE","","","","https://cdn.shopify.com/s/files/1/0630/7040/4667/files/product-image-1992823800.jpg?v=1762747754","",""
"conjunto-gihng-pure-luxury-pecas-em-100-algodao-egipcio","","","","","","","","","Preto Acetinado","","Lençol de Elástico","","Casal - 6 Peças","51639753-dark-navy-blue-fitted-bed-sheet-us-queen-6pcs","0","","","deny","manual","849.90","","TRUE","TRUE","","","","https://cdn.shopify.com/s/files/1/0630/7040/4667/files/product-image-1992823800.jpg?v=1762747754","",""
"conjunto-gihng-pure-luxury-pecas-em-100-algodao-egipcio","","","","","","","","","Preto Acetinado","","Lençol de Elástico","","Queen - 6 Peças","51639753-dark-navy-blue-fitted-bed-sheet-eu-queen-6pcs","0","","","deny","manual","895.90","","TRUE","TRUE","","","","https://cdn.shopify.com/s/files/1/0630/7040/4667/files/product-image-1992823800.jpg?v=1762747754","",""
"conjunto-gihng-pure-luxury-pecas-em-100-algodao-egipcio","","","","","","","","","Preto Acetinado","","Lençol de Elástico","","King - 6 Peças","51639753-dark-navy-blue-fitted-bed-sheet-king-6pcs","0","","","deny","manual","929.90","","TRUE","TRUE","","","","https://cdn.shopify.com/s/files/1/0630/7040/4667/files/product-image-1992823800.jpg?v=1762747754","",""
"conjunto-gihng-pure-luxury-pecas-em-100-algodao-egipcio","","","","","","","","","Rosa","","Lençol Solto","","Viúva - 5 Peças","51639753-2-flat-bed-sheet-twin-5pcs","0","","","deny","manual","815.90","","TRUE","TRUE","","","","https://cdn.shopify.com/s/files/1/0630/7040/4667/files/product-image-1992823787.jpg?v=1762747754","",""
"conjunto-gihng-pure-luxury-pecas-em-100-algodao-egipcio","","","","","","","","","Rosa","","Lençol Solto","","Casal - 6 Peças","51639753-2-flat-bed-sheet-us-queen-4pcs","0","","","deny","manual","849.90","","TRUE","TRUE","","","","https://cdn.shopify.com/s/files/1/0630/7040/4667/files/product-image-1992823787.jpg?v=1762747754","",""
"conjunto-gihng-pure-luxury-pecas-em-100-algodao-egipcio","","","","","","","","","Rosa","","Lençol Solto","","Queen - 6 Peças","51639753-2-flat-bed-sheet-us-queen-6pcs","0","","","deny","manual","895.90","","TRUE","TRUE","","","","https://cdn.shopify.com/s/files/1/0630/7040/4667/files/product-image-1992823787.jpg?v=1762747754","",""
"conjunto-gihng-pure-luxury-pecas-em-100-algodao-egipcio","","","","","","","","","Rosa","","Lençol Solto","","King - 6 Peças","51639753-2-flat-bed-sheet-king-6pcs","0","","","deny","manual","929.90","","TRUE","TRUE","","","","https://cdn.shopify.com/s/files/1/0630/7040/4667/files/product-image-1992823787.jpg?v=1762747754","",""
"conjunto-gihng-pure-luxury-pecas-em-100-algodao-egipcio","","","","","","","","","Rosa","","Lençol de Elástico","","Viúva - 5 Peças","51639753-2-fitted-bed-sheet-twin-5pcs","0","","","deny","manual","815.90","","TRUE","TRUE","","","","https://cdn.shopify.com/s/files/1/0630/7040/4667/files/product-image-1992823787.jpg?v=1762747754","",""
"conjunto-gihng-pure-luxury-pecas-em-100-algodao-egipcio","","","","","","","","","Rosa","","Lençol de Elástico","","Casal - 6 Peças","51639753-2-fitted-bed-sheet-us-queen-6pcs","0","","","deny","manual","849.90","","TRUE","TRUE","","","","https://cdn.shopify.com/s/files/1/0630/7040/4667/files/product-image-1992823787.jpg?v=1762747754","",""
"conjunto-gihng-pure-luxury-pecas-em-100-algodao-egipcio","","","","","","","","","Rosa","","Lençol de Elástico","","Queen - 6 Peças","51639753-2-fitted-bed-sheet-eu-queen-6pcs","0","","","deny","manual","895.90","","TRUE","TRUE","","","","https://cdn.shopify.com/s/files/1/0630/7040/4667/files/product-image-1992823787.jpg?v=1762747754","",""
"conjunto-gihng-pure-luxury-pecas-em-100-algodao-egipcio","","","","","","","","","Rosa","","Lençol de Elástico","","King - 6 Peças","51639753-2-fitted-bed-sheet-king-6pcs","0","","","deny","manual","929.90","","TRUE","TRUE","","","","https://cdn.shopify.com/s/files/1/0630/7040/4667/files/product-image-1992823787.jpg?v=1762747754","",""
"conjunto-gihng-pure-luxury-pecas-em-100-algodao-egipcio","","","","","","","","","Roxo","","Lençol Solto","","Viúva - 5 Peças","51639753-4-flat-bed-sheet-twin-5pcs","0","","","deny","manual","815.90","","TRUE","TRUE","","","","https://cdn.shopify.com/s/files/1/0630/7040/4667/files/product-image-1992823789.jpg?v=1762747754","",""
"conjunto-gihng-pure-luxury-pecas-em-100-algodao-egipcio","","","","","","","","","Roxo","","Lençol Solto","","Casal - 6 Peças","51639753-4-flat-bed-sheet-us-queen-4pcs","0","","","deny","manual","849.90","","TRUE","TRUE","","","","https://cdn.shopify.com/s/files/1/0630/7040/4667/files/product-image-1992823789.jpg?v=1762747754","",""
"conjunto-gihng-pure-luxury-pecas-em-100-algodao-egipcio","","","","","","","","","Roxo","","Lençol Solto","","Queen - 6 Peças","51639753-4-flat-bed-sheet-us-queen-6pcs","0","","","deny","manual","895.90","","TRUE","TRUE","","","","https://cdn.shopify.com/s/files/1/0630/7040/4667/files/product-image-1992823789.jpg?v=1762747754","",""
"conjunto-gihng-pure-luxury-pecas-em-100-algodao-egipcio","","","","","","","","","Roxo","","Lençol Solto","","King - 6 Peças","51639753-4-flat-bed-sheet-king-6pcs","0","","","deny","manual","929.90","","TRUE","TRUE","","","","https://cdn.shopify.com/s/files/1/0630/7040/4667/files/product-image-1992823789.jpg?v=1762747754","",""
"conjunto-gihng-pure-luxury-pecas-em-100-algodao-egipcio","","","","","","","","","Roxo","","Lençol de Elástico","","Viúva - 5 Peças","51639753-4-fitted-bed-sheet-twin-5pcs","0","","","deny","manual","815.90","","TRUE","TRUE","","","","https://cdn.shopify.com/s/files/1/0630/7040/4667/files/product-image-1992823789.jpg?v=1762747754","",""
"conjunto-gihng-pure-luxury-pecas-em-100-algodao-egipcio","","","","","","","","","Roxo","","Lençol de Elástico","","Casal - 6 Peças","51639753-4-fitted-bed-sheet-us-queen-6pcs","0","","","deny","manual","849.90","","TRUE","TRUE","","","","https://cdn.shopify.com/s/files/1/0630/7040/4667/files/product-image-1992823789.jpg?v=1762747754","",""
"conjunto-gihng-pure-luxury-pecas-em-100-algodao-egipcio","","","","","","","","","Roxo","","Lençol de Elástico","","Queen - 6 Peças","51639753-4-fitted-bed-sheet-eu-queen-6pcs","0","","","deny","manual","895.90","","TRUE","TRUE","","","","https://cdn.shopify.com/s/files/1/0630/7040/4667/files/product-image-1992823789.jpg?v=1762747754","",""
"conjunto-gihng-pure-luxury-pecas-em-100-algodao-egipcio","","","","","","","","","Roxo","","Lençol de Elástico","","King - 6 Peças","51639753-4-fitted-bed-sheet-king-6pcs","0","","","deny","manual","929.90","","TRUE","TRUE","","","","https://cdn.shopify.com/s/files/1/0630/7040/4667/files/product-image-1992823789.jpg?v=1762747754","",""
"conjunto-gihng-pure-luxury-pecas-em-100-algodao-egipcio","","","","","","","","","Verde","","Lençol Solto","","Viúva - 5 Peças","51639753-8-flat-bed-sheet-twin-5pcs","0","","","deny","manual","815.90","","TRUE","TRUE","","","","https://cdn.shopify.com/s/files/1/0630/7040/4667/files/product-image-1992823796.jpg?v=1762747754","",""
"conjunto-gihng-pure-luxury-pecas-em-100-algodao-egipcio","","","","","","","","","Verde","","Lençol Solto","","Casal - 6 Peças","51639753-8-flat-bed-sheet-us-queen-4pcs","0","","","deny","manual","849.90","","TRUE","TRUE","","","","https://cdn.shopify.com/s/files/1/0630/7040/4667/files/product-image-1992823796.jpg?v=1762747754","",""
"conjunto-gihng-pure-luxury-pecas-em-100-algodao-egipcio","","","","","","","","","Verde","","Lençol Solto","","Queen - 6 Peças","51639753-8-flat-bed-sheet-us-queen-6pcs","0","","","deny","manual","895.90","","TRUE","TRUE","","","","https://cdn.shopify.com/s/files/1/0630/7040/4667/files/product-image-1992823796.jpg?v=1762747754","",""
"conjunto-gihng-pure-luxury-pecas-em-100-algodao-egipcio","","","","","","","","","Verde","","Lençol de Elástico","","Viúva - 5 Peças","51639753-8-fitted-bed-sheet-twin-5pcs","0","","","deny","manual","815.90","","TRUE","TRUE","","","","https://cdn.shopify.com/s/files/1/0630/7040/4667/files/product-image-1992823796.jpg?v=1762747754","",""
"conjunto-gihng-pure-luxury-pecas-em-100-algodao-egipcio","","","","","","","","","Verde","","Lençol de Elástico","","Casal - 6 Peças","51639753-8-fitted-bed-sheet-us-queen-6pcs","0","","","deny","manual","849.90","","TRUE","TRUE","","","","https://cdn.shopify.com/s/files/1/0630/7040/4667/files/product-image-1992823796.jpg?v=1762747754","",""
"conjunto-gihng-pure-luxury-pecas-em-100-algodao-egipcio","","","","","","","","","Verde","","Lençol de Elástico","","Queen - 6 Peças","51639753-8-fitted-bed-sheet-eu-queen-6pcs","0","","","deny","manual","895.90","","TRUE","TRUE","","","","https://cdn.shopify.com/s/files/1/0630/7040/4667/files/product-image-1992823796.jpg?v=1762747754","",""
"conjunto-gihng-pure-luxury-pecas-em-100-algodao-egipcio","","","","","","","","","Verde","","Lençol de Elástico","","King - 6 Peças","51639753-8-fitted-bed-sheet-king-6pcs","0","","","deny","manual","929.90","","TRUE","TRUE","","","","https://cdn.shopify.com/s/files/1/0630/7040/4667/files/product-image-1992823796.jpg?v=1762747754","",""
"conjunto-calme-veludo","Conjunto Calme™ de Lençol + Fronhas em Veludo Super Macio","<h3>O CONJUNTO NÚMERO UM EM ACONCHEGO, MACIEZ E BELEZA!</h3>
<div>Este belíssimo conjunto consegue te proporcionar um mix incomparável de conforto e praticidade ao deitar-se... Esqueça aqueles lençóis fininhos e desconfortáveis, que ainda por cima escampam de sua cama todas as noites. O conjunto<strong><span> Calme</span></strong><span> d</span>e lençol e fronhas em veludo será o seu companheiro para deitar-se todas as noites com máximo de conforto.</div>
<div><br></div>
<div><img alt="""" src=""https://cdn.shopify.com/s/files/1/0520/1140/1370/files/conjunto-lencol-veludo-enttada_480x480.gif?v=1678302706""></div>
<div>Um dos mais indicados para o outono e inverno, com este conjunto você irá sentir todo o aconchego que somente o veludo de alta qualidade pode te proporcionar.</div>
<div><br></div>
<h3>PRINCIPAIS CARACTERÍSTICAS E BENEFÍCIOS: </h3>
<div><br></div>
<p><strong>✔️ Instalação Simples, Economize Tempo:</strong></p>
<ul></ul>
<div>
<p>Este lençol se ajusta firmemente a sua cama sem o mínimo de esforço, muito simples e fácil de fazer! Após ser posto você não precisará mais ficar se preocupando em esticar ou desembaraçar o mesmo, obtenha o máximo em praticidade!  </p>
</div>
<p><img alt="""" src=""https://cdn.shopify.com/s/files/1/0520/1140/1370/files/e7f7987a-3c13-4c99-b27f-aa0617b3c316_480x480.jpg?v=1678301934""></p>
<p><strong>✔️ Tecido Super Macio e Quentinho em Veludo:</strong></p>
<ul></ul>
<p>Dê um toque macio e aconchegante à sua cama com nosso conjunto de veludo ultra macio. Nosso lençol clássico é projetado pensando no seu máximo conforto, pois é feito com os melhores fios e acabamento premium, que foi projetado para durar por anos à fio.</p>
<h4><img alt="""" src=""https://cdn.shopify.com/s/files/1/0520/1140/1370/files/S38b19ae2558f45b1b368ad347f0c35a9r_480x480.jpg?v=1678302040""></h4>
<p><strong>✔️ Lençol que Não Embaraça:</strong></p>
<ul></ul>
<p>Este lençol tem a capacidade de se juntar firmemente a sua cama e não embaraçar, perfeito para dormentes inquietos e para crianças pequenas. Seu design profundo de grandes dimensões cobre a parte superior e lateral de seu colchão por inteiro, ficando com uma aparência ainda mais bela.</p>
<p><img alt="""" src=""https://cdn.shopify.com/s/files/1/0520/1140/1370/files/S79c14096293d46d7ab3825054bbc0295J_480x480.jpg?v=1678302028""></p>
<p><strong>✔️ Pode ser lavado na Máquina: </strong></p>
<p>Você poderá lavar e secar o lençol através de todos os métodos convencionais, o tecido é muito durável e seca em pouco tempo em exposição ao ar livre. Recomendamos não alvejar e lavar sempre de maneira separada na maquina. </p>
<p> </p>
<p><strong>✔️ Resistente ao Encolhimento e ao Desbotamento:</strong></p>
<ul></ul>
<p>Nosso lençol é fabricado com tecido forte e durável que mantém a cor e a forma intactos muitos anos. O material de em veludo é processado para torná-lo resistente ao encolhimento após a lavagem e ao desbotamento, o que aumenta a longevidade e durabilidade das peças.  </p>
<p><img src=""https://cdn.shopify.com/s/files/1/0520/1140/1370/files/conjunto-lencol-veludo_480x480.gif?v=1678302749"" alt=""""></p>
<p><strong>NOTAS: </strong></p>
<ul>
<li>Material: Veludo; </li>
<li>Características: Super macio e acolhedor, não embaraça e cobre todo o colchão.</li>
<li>Conteúdo do pacote: 1 lençol + 2 fronhas</li>
</ul>
<p><strong>TAMANHOS E MEDIDAS: </strong></p>
<ul>
<li>Viúva: 120x200cm</li>
<li>Casal: 150x200cm </li>
<li>Queen: 180x200cm</li>
</ul>
<p><img src=""https://cdn.shopify.com/s/files/1/0520/1140/1370/products/S44946f0f3ce2452f9ea304d4a05983335_480x480.jpg?v=1678301975"" alt=""""></p>
<p><br><br></p>
<div data-cel-widget=""aplus-3p-module-b"" data-csa-c-id=""r8my4b-h1nhss-n9k5wo-dzw7yg""></div>","ModernLar","","","","true","Title","Default Title","","","","","14:10#Beige;5:594#Twin-120x200cm-1pcs","0","","","deny","manual","345.90","","TRUE","TRUE","","https://cdn.shopify.com/s/files/1/0630/7040/4667/files/He2558c5a0c7d47bdbef1fd76916c31d8Z.jpg?v=1762747754","1","https://cdn.shopify.com/s/files/1/0630/7040/4667/files/He2558c5a0c7d47bdbef1fd76916c31d8Z.jpg?v=1762747754","","active"
"conjunto-calme-veludo","","","","","","","","","","","","","","","","","","","","","","","","","https://cdn.shopify.com/s/files/1/0630/7040/4667/files/S602fc6c1105c402980c394634aac5922U.jpg?v=1762747754","2","","",""
"conjunto-calme-veludo","","","","","","","","","","","","","","","","","","","","","","","","","https://cdn.shopify.com/s/files/1/0630/7040/4667/files/S79c14096293d46d7ab3825054bbc0295J.jpg?v=1762747754","3","","",""
"conjunto-calme-veludo","","","","","","","","","","","","","","","","","","","","","","","","","https://cdn.shopify.com/s/files/1/0630/7040/4667/files/H38d9b6888c0a4a67a332be32af1a9673x.jpg?v=1762747754","4","","",""
"conjunto-calme-veludo","","","","","","","","","","","","","","","","","","","","","","","","","https://cdn.shopify.com/s/files/1/0630/7040/4667/files/S44946f0f3ce2452f9ea304d4a05983335.jpg?v=1762747754","5","","",""
"conjunto-calme-veludo","","","","","","","","","","","","","","","","","","","","","","","","","https://cdn.shopify.com/s/files/1/0630/7040/4667/files/H7d5d932009144ba4ade582ed12a7063ch.jpg?v=1762747754","6","","",""
"conjunto-calme-veludo","","","","","","","","","","","","","","","","","","","","","","","","","https://cdn.shopify.com/s/files/1/0630/7040/4667/files/H08fd24b1cb9c4cd0b0abb614cb402025F.jpg?v=1762747754","7","","",""
"conjunto-calme-veludo","","","","","","","","","","","","","","","","","","","","","","","","","https://cdn.shopify.com/s/files/1/0630/7040/4667/files/H22995b0fa95d49da8e2ce3b6007600ffi.jpg?v=1762747754","8","","",""
"conjunto-calme-veludo","","","","","","","","","","","","","","","","","","","","","","","","","https://cdn.shopify.com/s/files/1/0630/7040/4667/files/S462077da8eca4fe2b88118504a7990bbr.jpg?v=1762747754","9","","",""
"conjunto-calme-veludo","","","","","","","","","","","","","","","","","","","","","","","","","https://cdn.shopify.com/s/files/1/0630/7040/4667/files/S38b19ae2558f45b1b368ad347f0c35a9r.jpg?v=1762747754","10","","",""
"conjunto-calme-veludo","","","","","","","","","","","","","","","","","","","","","","","","","https://cdn.shopify.com/s/files/1/0630/7040/4667/files/H16dc383a26b14cc49c3f6e92bc2b9284g.jpg?v=1762747754","11","","",""
"conjunto-calme-veludo","","","","","","","","","","","","","","","","","","","","","","","","","https://cdn.shopify.com/s/files/1/0630/7040/4667/files/Hf1608b0c6b9b47df8ebd9c2b65d682d1Z.jpg?v=1762747755","12","","",""